{
  "patients": [
    {
      "id": "665",
      "firstName": "Veda",
      "lastName": "Knowles",
      "email": "tolovid@mailinator.com",
      "dateOfBirth": "2013-11-22",
      "phoneCountryCode": "+62",
      "phoneNumber": "+1 (617) 355-6885",
      "gender": "Male",
      "status": true,
      "bloodGroup": "A+",
      "password": "Pa$$w0rd!",
      "confirmPassword": "Pa$$w0rd!",
      "fechaDeLoQueSea": "2023-03-14",
      "uhid": "Pariatur Sunt iste",
      "profileImage": null,
      "address1": "84 Fabien Court",
      "address2": "Non ipsum et nemo si",
      "city": "Possimus sit sed u",
      "zipcode": "96340",
      "facebookUrl": "Ut ex autem magna sa",
      "twitterUrl": "Atque veniam cupidi",
      "instagramUrl": "Quaerat officia cons",
      "linkedinUrl": "Mollitia sunt odio e",
      "createdDateTime": "05/12/2025, 09:03:42"
    },
    {
      "id": "109",
      "firstName": "Zachery",
      "lastName": "Downs",
      "email": "virejukewu@mailinator.com",
      "dateOfBirth": "1977-02-11",
      "phoneCountryCode": "+1",
      "phoneNumber": "+1 (217) 298-9533",
      "gender": "Female",
      "status": true,
      "bloodGroup": "AB-",
      "password": "Pa$$w0rd!",
      "confirmPassword": "Pa$$w0rd!",
      "fechaDeLoQueSea": "2018-07-08",
      "uhid": "Veniam asperiores a",
      "profileImage": {},
      "address1": "457 Green Cowley Boulevard",
      "address2": "Anim facilis et veli",
      "city": "Odit nihil cupidatat",
      "zipcode": "14917",
      "facebookUrl": "Incididunt ea est di",
      "twitterUrl": "Anim et voluptates q",
      "instagramUrl": "Qui qui rerum nulla ",
      "linkedinUrl": "Est elit reiciendis",
      "createdDateTime": "05/12/2025, 10:51:18"
    },
    {
      "id": "638",
      "firstName": "Lenore",
      "lastName": "Woods",
      "email": "ripi@mailinator.com",
      "dateOfBirth": "2019-05-13",
      "phoneCountryCode": "+91",
      "phoneNumber": "+1 (874) 803-2961",
      "gender": "Female",
      "status": true,
      "bloodGroup": "A-",
      "password": "Pa$$w0rd!",
      "confirmPassword": "Pa$$w0rd!",
      "fechaDeLoQueSea": "1990-07-16",
      "uhid": "Nihil velit explicab",
      "profileImage": "/assets/img/masoom.jpg",
      "address1": "75 Green First Avenue",
      "address2": "Culpa voluptas expe",
      "city": "Voluptate aliquam qu",
      "zipcode": "26292",
      "facebookUrl": "Aut dolorum deleniti",
      "twitterUrl": "Exercitationem quis ",
      "instagramUrl": "A fugit enim fuga ",
      "linkedinUrl": "Rerum aut consectetu",
      "createdDateTime": "05/12/2025, 11:14:18"
    },
    {
      "id": "227",
      "firstName": "Jacob",
      "lastName": "Bishop",
      "email": "fateg@mailinator.com",
      "dateOfBirth": "1995-07-10",
      "phoneCountryCode": "+44",
      "phoneNumber": "+1 (645) 924-7911",
      "gender": "Female",
      "status": true,
      "bloodGroup": "A-",
      "password": "Pa$$w0rd!",
      "confirmPassword": "Pa$$w0rd!",
      "fechaDeLoQueSea": "1983-07-13",
      "uhid": "Duis non sint illum",
      "profileImage": "/assets/img/patients/gold.jpg",
      "address1": "295 West Green Oak Parkway",
      "address2": "Quia deleniti eaque ",
      "city": "Dolor aperiam odit r",
      "zipcode": "26741",
      "facebookUrl": "Pariatur Sit dolore",
      "twitterUrl": "Nulla qui sed assume",
      "instagramUrl": "Vitae quo est maxim",
      "linkedinUrl": "Tenetur consectetur ",
      "createdDateTime": "05/12/2025, 11:21:43"
    },
    {
      "id": "665",
      "firstName": "Hollee",
      "lastName": "Cunningham",
      "email": "nili@mailinator.com",
      "dateOfBirth": "1990-03-30",
      "phoneCountryCode": "+1",
      "phoneNumber": "+1 (546) 722-8748",
      "gender": "Female",
      "status": true,
      "bloodGroup": "AB+",
      "password": "Pa$$w0rd!",
      "confirmPassword": "Pa$$w0rd!",
      "fechaDeLoQueSea": "1998-10-14",
      "uhid": "Aperiam corporis ear",
      "profileImage": null,
      "address1": "32 West Milton Avenue",
      "address2": "Sint nobis est dolo",
      "city": "Numquam voluptate qu",
      "zipcode": "19800",
      "facebookUrl": "Illo dolorem veniam",
      "twitterUrl": "Velit explicabo Et",
      "instagramUrl": "Laboris velit repell",
      "linkedinUrl": "Nisi adipisci enim t",
      "createdDateTime": "05/12/2025, 11:34:43"
    }
  ],
  "documents": [
    {
      "id": "5b34",
      "doctype": "MRI",
      "ptname": "Calista Bonner",
      "ptemail": "gimurypy@mailinator.com",
      "ptfile": "C:\\fakepath\\Abul_Kaish_Smart_Card (1).pdf",
      "ptmessage": "Eligendi laboriosam",
      "createdDateTime": "03/24/2025, 16:33:20"
    },
    {
      "id": "6dd4",
      "doctype": "CT Scan",
      "ptname": "Rina Evans",
      "ptemail": "gipapi@mailinator.com",
      "ptfile": "C:\\fakepath\\web-developer.pdf",
      "ptmessage": "Cupidatat soluta est",
      "createdDateTime": "03/25/2025, 09:49:07"
    },
    {
      "id": "3734",
      "doctype": "MRI",
      "ptname": "Salam Khan",
      "ptemail": "salam@gmail.com",
      "ptfile": "C:\\fakepath\\reactjs.pdf",
      "ptmessage": "Sit illum quae eum ",
      "createdDateTime": "03/25/2025, 09:40:13"
    },
    {
      "doctype": "MRI",
      "ptname": "Calista Bonner",
      "ptemail": "gimurypy@mailinator.com",
      "ptfile": "pages.pdf",
      "ptmessage": "test",
      "fileName": "pages.pdf",
      "createdDateTime": "04/02/2025, 11:53:34",
      "id": "8935"
    },
    {
      "id": "f84f",
      "doctype": "X-ray",
      "ptname": "Abul Kaish",
      "ptemail": "abul@gmail.com",
      "ptfile": "converted.pdf",
      "ptmessage": "test",
      "fileName": "converted.pdf",
      "createdDateTime": "04/03/2025, 17:26:31"
    },
    {
      "doctype": "CT Scan",
      "ptname": "Slade Kerr",
      "ptemail": "dolywi@mailinator.com",
      "ptmessage": "Consequat Dolor con",
      "fileName": "1.png",
      "fileType": "",
      "fileSize": 0,
      "createdDateTime": "04/04/2025, 13:01:01",
      "id": "6aaa"
    },
    {
      "id": "63a3",
      "doctype": "X-ray",
      "ptname": "Slade Kerr",
      "ptemail": "dolywi@mailinator.com",
      "ptmessage": "Perspiciatis tempor",
      "fileName": "Screenshot 2025-03-29 142246.png",
      "fileType": "",
      "fileSize": 0,
      "createdDateTime": "04/04/2025, 13:14:28"
    },
    {
      "doctype": "MRI",
      "ptname": "Calista Bonner",
      "ptemail": "gimurypy@mailinator.com",
      "ptfile": "Blue Simple Professional CV Resume.pdf",
      "ptmessage": "Quos voluptate minus",
      "fileName": "Blue Simple Professional CV Resume.pdf",
      "createdDateTime": "04/04/2025, 15:42:39",
      "id": "81a8"
    },
    {
      "id": "12b1",
      "doctype": "CT Scan",
      "ptname": "Slade Kerr",
      "ptemail": "dolywi@mailinator.com",
      "ptfile": "Screenshot 2025-03-29 145128.png",
      "ptmessage": "Exercitation consect",
      "fileName": "Screenshot 2025-03-29 145128.png",
      "createdDateTime": "04/04/2025, 15:42:25"
    },
    {
      "id": "641e",
      "doctype": "CT Scan",
      "ptname": "Salam Khan",
      "ptemail": "salam@gmail.com",
      "ptfile": "Screenshot 2025-03-29 145128.png",
      "ptmessage": "Mollitia ea proident",
      "fileName": "Screenshot 2025-03-29 145128.png",
      "createdDateTime": "04/04/2025, 18:02:56"
    }
  ],
  "documentsType": [
    {
      "id": "db88",
      "documentType": "CT Scan",
      "createdDateTime": "03/24/2025, 11:04:05"
    },
    {
      "id": "7b39",
      "documentType": "MRI",
      "createdDateTime": "03/24/2025, 11:16:55"
    },
    {
      "id": "4d83",
      "documentType": "X-ray",
      "createdDateTime": "03/24/2025, 12:15:54"
    }
  ],
  "BloodBanks": [
    {
      "id": "9f1b",
      "bloodGroups": "AB",
      "remainedBags": "97",
      "createdDateTime": "04/02/2025, 09:14:08"
    },
    {
      "bloodGroups": "A--",
      "remainedBags": "73",
      "createdDateTime": "04/04/2025, 09:28:32",
      "id": "ac48"
    },
    {
      "bloodGroups": "A++",
      "remainedBags": "9",
      "createdDateTime": "04/05/2025, 09:34:28",
      "id": "a11d"
    },
    {
      "bloodGroups": "O++",
      "remainedBags": "50",
      "createdDateTime": "04/05/2025, 09:56:43",
      "id": "7d28"
    },
    {
      "bloodGroups": "AB--",
      "remainedBags": "100",
      "createdDateTime": "04/04/2025, 10:02:13",
      "id": "992a"
    },
    {
      "id": "506e",
      "bloodGroups": "O",
      "remainedBags": "57",
      "createdDateTime": "04/06/2025, 10:03:46"
    },
    {
      "id": "ca71",
      "bloodGroups": "O--",
      "remainedBags": "40",
      "createdDateTime": "04/06/2025, 10:04:00"
    },
    {
      "id": "ca71",
      "bloodGroups": "O--",
      "remainedBags": "40",
      "createdDateTime": "04/06/2025, 10:04:00"
    },
    {
      "id": "ca71",
      "bloodGroups": "O--",
      "remainedBags": "40",
      "createdDateTime": "04/06/2025, 10:04:00"
    },
    {
      "id": "ca71",
      "bloodGroups": "O--",
      "remainedBags": "40",
      "createdDateTime": "04/06/2025, 10:04:00"
    },
    {
      "id": "ca71",
      "bloodGroups": "O--",
      "remainedBags": "40",
      "createdDateTime": "04/06/2025, 10:04:00"
    },
    {
      "id": "ca71",
      "bloodGroups": "O--",
      "remainedBags": "40",
      "createdDateTime": "04/06/2025, 10:04:00"
    },
    {
      "id": "ca71",
      "bloodGroups": "O--",
      "remainedBags": "40",
      "createdDateTime": "04/06/2025, 10:04:00"
    },
    {
      "id": "ca71",
      "bloodGroups": "O--",
      "remainedBags": "40",
      "createdDateTime": "04/06/2025, 10:04:00"
    },
    {
      "id": "ca71",
      "bloodGroups": "O--",
      "remainedBags": "40",
      "createdDateTime": "04/06/2025, 10:04:00"
    },
    {
      "id": "ca71",
      "bloodGroups": "O--",
      "remainedBags": "40",
      "createdDateTime": "04/06/2025, 10:04:00"
    },
    {
      "id": "ca71",
      "bloodGroups": "O--",
      "remainedBags": "40",
      "createdDateTime": "04/06/2025, 10:04:00"
    },
    {
      "id": "9f1b",
      "bloodGroups": "AB",
      "remainedBags": "97",
      "createdDateTime": "04/02/2025, 09:14:08"
    },
    {
      "bloodGroups": "A--",
      "remainedBags": "73",
      "createdDateTime": "04/04/2025, 09:28:32",
      "id": "ac48"
    },
    {
      "bloodGroups": "A++",
      "remainedBags": "9",
      "createdDateTime": "04/05/2025, 09:34:28",
      "id": "a11d"
    },
    {
      "bloodGroups": "O++",
      "remainedBags": "50",
      "createdDateTime": "04/05/2025, 09:56:43",
      "id": "7d28"
    },
    {
      "bloodGroups": "AB--",
      "remainedBags": "100",
      "createdDateTime": "04/04/2025, 10:02:13",
      "id": "992a"
    },
    {
      "id": "506e",
      "bloodGroups": "O",
      "remainedBags": "57",
      "createdDateTime": "04/06/2025, 10:03:46"
    },
    {
      "id": "ca71",
      "bloodGroups": "O--",
      "remainedBags": "40",
      "createdDateTime": "04/06/2025, 10:04:00"
    },
    {
      "id": "ca71",
      "bloodGroups": "O--",
      "remainedBags": "40",
      "createdDateTime": "04/06/2025, 10:04:00"
    },
    {
      "id": "ca71",
      "bloodGroups": "O--",
      "remainedBags": "40",
      "createdDateTime": "04/06/2025, 10:04:00"
    },
    {
      "id": "ca71",
      "bloodGroups": "O--",
      "remainedBags": "40",
      "createdDateTime": "04/06/2025, 10:04:00"
    },
    {
      "id": "ca71",
      "bloodGroups": "O--",
      "remainedBags": "40",
      "createdDateTime": "04/06/2025, 10:04:00"
    },
    {
      "id": "ca71",
      "bloodGroups": "O--",
      "remainedBags": "40",
      "createdDateTime": "04/06/2025, 10:04:00"
    },
    {
      "id": "ca71",
      "bloodGroups": "O--",
      "remainedBags": "40",
      "createdDateTime": "04/06/2025, 10:04:00"
    },
    {
      "id": "ca71",
      "bloodGroups": "O--",
      "remainedBags": "40",
      "createdDateTime": "04/06/2025, 10:04:00"
    },
    {
      "id": "ca71",
      "bloodGroups": "O--",
      "remainedBags": "40",
      "createdDateTime": "04/06/2025, 10:04:00"
    },
    {
      "id": "ca71",
      "bloodGroups": "O--",
      "remainedBags": "40",
      "createdDateTime": "04/06/2025, 10:04:00"
    },
    {
      "id": "ca71",
      "bloodGroups": "O--",
      "remainedBags": "40",
      "createdDateTime": "04/06/2025, 10:04:00"
    }
  ],
  "BloodDonors": [
    {
      "name": "David",
      "age": "61",
      "gender": "Female",
      "bloodGroups": "AB+",
      "lastDonations": "2009-07-13",
      "createdDateTime": "04/02/2025, 11:19:51",
      "id": "34e9"
    },
    {
      "id": "76d1",
      "name": "Wallace Mcintyre",
      "age": "71",
      "gender": "Male",
      "bloodGroups": "A+",
      "lastDonations": "2025-04-06",
      "createdDateTime": "04/03/2025, 11:21:24"
    },
    {
      "id": "166b",
      "name": "Fleur Morrison",
      "age": "34",
      "gender": "Other",
      "bloodGroups": "O+",
      "lastDonations": "2025-04-06",
      "createdDateTime": "04/04/2025, 11:24:40"
    },
    {
      "id": "0595",
      "name": "Louis Joyner",
      "age": "30",
      "gender": "Male",
      "bloodGroups": "A+",
      "lastDonations": "2025-04-06",
      "createdDateTime": "04/05/2025, 11:25:18"
    },
    {
      "id": "780b",
      "name": "Dexter Ellison",
      "age": "20",
      "gender": "Other",
      "bloodGroups": "A-",
      "lastDonations": "1995-04-26",
      "createdDateTime": "04/06/2025, 11:28:24"
    },
    {
      "name": "Elave",
      "age": "89",
      "gender": "Male",
      "bloodGroups": "A+",
      "lastDonations": "2017-01-26",
      "createdDateTime": "04/06/2025, 11:34:20",
      "id": "3722"
    },
    {
      "name": "David",
      "age": "61",
      "gender": "Female",
      "bloodGroups": "AB+",
      "lastDonations": "2009-07-13",
      "createdDateTime": "04/02/2025, 11:19:51",
      "id": "34e9"
    },
    {
      "id": "76d1",
      "name": "Wallace Mcintyre",
      "age": "71",
      "gender": "Male",
      "bloodGroups": "A+",
      "lastDonations": "2025-04-06",
      "createdDateTime": "04/03/2025, 11:21:24"
    },
    {
      "id": "166b",
      "name": "Fleur Morrison",
      "age": "34",
      "gender": "Other",
      "bloodGroups": "O+",
      "lastDonations": "2025-04-06",
      "createdDateTime": "04/04/2025, 11:24:40"
    },
    {
      "id": "0595",
      "name": "Louis Joyner",
      "age": "30",
      "gender": "Male",
      "bloodGroups": "A+",
      "lastDonations": "2025-04-06",
      "createdDateTime": "04/05/2025, 11:25:18"
    },
    {
      "id": "780b",
      "name": "Dexter Ellison",
      "age": "20",
      "gender": "Other",
      "bloodGroups": "A-",
      "lastDonations": "1995-04-26",
      "createdDateTime": "04/06/2025, 11:28:24"
    },
    {
      "name": "Elave",
      "age": "89",
      "gender": "Male",
      "bloodGroups": "A+",
      "lastDonations": "2017-01-26",
      "createdDateTime": "04/06/2025, 11:34:20",
      "id": "3722"
    }
  ],
  "BloodDonations": [
    {
      "donorId": "166b",
      "donorName": "Fleur Morrison",
      "bloodBags": "1",
      "createdDateTime": "04/01/2025, 11:54:24",
      "id": "f940"
    },
    {
      "id": "ed28",
      "donorId": "0595",
      "donorName": "Louis Joyner",
      "bloodBags": "2",
      "createdDateTime": "04/02/2025, 11:54:45"
    },
    {
      "id": "a047",
      "donorId": "34e9",
      "donorName": "David",
      "bloodBags": "1",
      "createdDateTime": "04/05/2025, 11:54:58"
    },
    {
      "id": "7817",
      "donorId": "0595",
      "donorName": "Louis Joyner",
      "bloodBags": "3",
      "createdDateTime": "04/03/2025, 11:55:10"
    },
    {
      "id": "7078",
      "donorId": "780b",
      "donorName": "Dexter Ellison",
      "bloodBags": "1",
      "createdDateTime": "04/06/2025, 11:55:59"
    },
    {
      "donorId": "166b",
      "donorName": "Fleur Morrison",
      "bloodBags": "1",
      "createdDateTime": "04/01/2025, 11:54:24",
      "id": "f940"
    },
    {
      "id": "ed28",
      "donorId": "0595",
      "donorName": "Louis Joyner",
      "bloodBags": "2",
      "createdDateTime": "04/02/2025, 11:54:45"
    },
    {
      "id": "a047",
      "donorId": "34e9",
      "donorName": "David",
      "bloodBags": "1",
      "createdDateTime": "04/05/2025, 11:54:58"
    },
    {
      "id": "7817",
      "donorId": "0595",
      "donorName": "Louis Joyner",
      "bloodBags": "3",
      "createdDateTime": "04/03/2025, 11:55:10"
    },
    {
      "id": "7078",
      "donorId": "780b",
      "donorName": "Dexter Ellison",
      "bloodBags": "1",
      "createdDateTime": "04/06/2025, 11:55:59"
    },
    {
      "donorId": "166b",
      "donorName": "Fleur Morrison",
      "bloodBags": "1",
      "createdDateTime": "04/01/2025, 11:54:24",
      "id": "f940"
    },
    {
      "id": "ed28",
      "donorId": "0595",
      "donorName": "Louis Joyner",
      "bloodBags": "2",
      "createdDateTime": "04/02/2025, 11:54:45"
    },
    {
      "id": "a047",
      "donorId": "34e9",
      "donorName": "David",
      "bloodBags": "1",
      "createdDateTime": "04/05/2025, 11:54:58"
    },
    {
      "id": "7817",
      "donorId": "0595",
      "donorName": "Louis Joyner",
      "bloodBags": "3",
      "createdDateTime": "04/03/2025, 11:55:10"
    },
    {
      "id": "7078",
      "donorId": "780b",
      "donorName": "Dexter Ellison",
      "bloodBags": "1",
      "createdDateTime": "04/06/2025, 11:55:59"
    },
    {
      "donorId": "166b",
      "donorName": "Fleur Morrison",
      "bloodBags": "1",
      "createdDateTime": "04/01/2025, 11:54:24",
      "id": "f940"
    },
    {
      "id": "ed28",
      "donorId": "0595",
      "donorName": "Louis Joyner",
      "bloodBags": "2",
      "createdDateTime": "04/02/2025, 11:54:45"
    },
    {
      "id": "a047",
      "donorId": "34e9",
      "donorName": "David",
      "bloodBags": "1",
      "createdDateTime": "04/05/2025, 11:54:58"
    },
    {
      "id": "7817",
      "donorId": "0595",
      "donorName": "Louis Joyner",
      "bloodBags": "3",
      "createdDateTime": "04/03/2025, 11:55:10"
    },
    {
      "id": "7078",
      "donorId": "780b",
      "donorName": "Dexter Ellison",
      "bloodBags": "1",
      "createdDateTime": "04/06/2025, 11:55:59"
    }
  ],
  "bloodIssues": [
    {
      "id": "38ea",
      "issueDate": "2025-05-09",
      "doctorId": "lt0n",
      "patientId": "109",
      "donorId": "76d1",
      "bloodGroup": "A+",
      "amount": "2",
      "remarks": "222",
      "createdDateTime": "05/13/2025, 13:08:17"
    }
  ],
  "doctors": [
    {
      "firstName": "Emily",
      "lastName": "Sawyer",
      "departmentId": "02",
      "departmentName": "Orthopedics",
      "email": "gawupomy@mailinator.com",
      "designation": "Nisi obcaecati obcae",
      "phone": "+1 (226) 423-6291",
      "qualification": "Quidem quia sed adip",
      "dateOfBirth": "1987-04-04",
      "bloodGroup": "A+",
      "gender": "Female",
      "status": "Active",
      "specialist": "Ipsam mollit distinc",
      "password": "Pa$$w0rd!",
      "appointmentCharge": "78",
      "description": "Minim veritatis expl",
      "address1": "296 East Cowley Avenue",
      "address2": "Nisi id excepteur v",
      "city": "Veritatis minima fug",
      "zip": "50888",
      "facebookUrl": "https://www.vudunetesop.cm",
      "twitterUrl": "https://www.jisaceveci.com.au",
      "instagramUrl": "https://www.qalemyhesudami.net",
      "linkedInUrl": "https://www.tevaxyjixy.com.au",
      "imgUrl": "",
      "createdDateTime": "4/15/2025, 10:47:24 AM",
      "id": "wt5t"
    },
    {
      "id": "lt0n",
      "firstName": "dddd",
      "lastName": "dd",
      "departmentId": "02",
      "departmentName": "Orthopedics",
      "email": "ddd@gmaul.com",
      "designation": "dfdsdsds",
      "phone": "3443434343434",
      "qualification": "dsdsds",
      "dateOfBirth": "2025-04-01",
      "bloodGroup": "O+",
      "gender": "Male",
      "status": "Active",
      "specialist": "eeee",
      "password": "111",
      "appointmentCharge": "1",
      "description": "",
      "address1": "",
      "address2": "",
      "city": "",
      "zip": "",
      "facebookUrl": "",
      "twitterUrl": "",
      "instagramUrl": "",
      "linkedInUrl": "",
      "imgUrl": "",
      "createdDateTime": "4/15/2025, 10:49:56 AM"
    }
  ],
  "doctorsDepartment": [
    {
      "name": "Orthopedics",
      "description": "test",
      "departmentId": "02",
      "created_at": "2025-04-15T05:17:15.114Z",
      "id": "02"
    },
    {
      "id": "02",
      "name": "Gynocologist",
      "description": "test",
      "departmentId": "02",
      "created_at": "2025-04-15T05:11:34.618Z"
    }
  ],
  "doctorSchedules": [
    {
      "doctor_id": "wt5t",
      "doctor_name": "Emily Sawyer (Gynologist)",
      "per_patient_time": "00:01:00",
      "days": [
        {
          "day": "Monday",
          "available_from": "01:18:00",
          "available_to": "01:20:00"
        },
        {
          "day": "Tuesday",
          "available_from": "18:25:00",
          "available_to": "07:22:00"
        },
        {
          "day": "Wednesday",
          "available_from": "23:27:00",
          "available_to": "21:08:00"
        },
        {
          "day": "Thursday",
          "available_from": "06:55:00",
          "available_to": "03:50:00"
        },
        {
          "day": "Friday",
          "available_from": "13:53:00",
          "available_to": "00:40:00"
        },
        {
          "day": "Saturday",
          "available_from": "21:35:00",
          "available_to": "11:15:00"
        },
        {
          "day": "Sunday",
          "available_from": "09:48:00",
          "available_to": "10:02:00"
        }
      ],
      "created_date_time": "2025-04-15T05:16:11.738Z",
      "id": "d3fd"
    },
    {
      "id": "4a2f",
      "doctor_id": "glsf",
      "doctor_name": "Idona Robles (No Department)",
      "per_patient_time": "01:32:00",
      "days": [
        {
          "day": "Monday",
          "available_from": "14:34:00",
          "available_to": "12:24:00"
        },
        {
          "day": "Tuesday",
          "available_from": "05:40:00",
          "available_to": "03:27:00"
        },
        {
          "day": "Wednesday",
          "available_from": "10:45:00",
          "available_to": "20:40:00"
        },
        {
          "day": "Thursday",
          "available_from": "14:39:00",
          "available_to": "10:22:00"
        },
        {
          "day": "Friday",
          "available_from": "05:02:00",
          "available_to": "06:27:00"
        },
        {
          "day": "Saturday",
          "available_from": "07:32:00",
          "available_to": "15:04:00"
        },
        {
          "day": "Sunday",
          "available_from": "04:16:00",
          "available_to": "12:39:00"
        }
      ],
      "created_date_time": "2025-04-15T05:18:35.124Z"
    }
  ],
  "doctorHolidays": [
    {
      "id": "adc9",
      "doctorId": null,
      "doctorName": "Colby Martin",
      "date": "2025-04-15",
      "reason": "fdfddfdfdfdf",
      "createdDateTime": "04/09/2025, 16:01:25"
    },
    {
      "id": "c5e9",
      "doctorId": "66c9",
      "doctorName": "Raymond hhh",
      "date": "2025-04-09",
      "reason": "Unde culpa voluptate",
      "createdDateTime": "04/09/2025, 17:49:10"
    },
    {
      "id": "3deb",
      "doctorId": null,
      "doctorName": "hello Harris",
      "date": "2025-04-16",
      "reason": "ssss",
      "createdDateTime": "04/15/2025, 10:35:37"
    }
  ],
  "doctorBreaks": [
    {
      "id": "8635",
      "doctorId": "c83d",
      "doctorName": "Emery Watts",
      "breakType": "Single Day",
      "date": "2025-04-10",
      "fromTime": "09:16",
      "toTime": "13:40",
      "createdDateTime": "04/09/2025, 17:54:02"
    },
    {
      "id": "c738",
      "doctorId": "c83d",
      "doctorName": "Emery Watts",
      "breakType": "Every Day",
      "date": null,
      "fromTime": "00:05:00",
      "toTime": "00:05:00",
      "createdDateTime": "04/09/2025, 17:54:13"
    },
    {
      "id": "dedf",
      "doctorId": "wt5t",
      "doctorName": "Emily Sawyer",
      "breakType": "Single Day",
      "date": "2025-04-15",
      "fromTime": "00:05:00",
      "toTime": "00:05:00",
      "createdDateTime": "04/15/2025, 10:39:54"
    }
  ],
  "bedTypes": [
    {
      "id": "02",
      "name": "Chase Ball",
      "description": "Consequatur Est par",
      "bedTypeId": "02",
      "createdDateTime": "04/11/2025, 15:28:28"
    },
    {
      "id": "02",
      "name": "Galvin Leon",
      "description": "Aspernatur occaecat ",
      "bedTypeId": "02",
      "createdDateTime": "04/11/2025, 15:28:38"
    },
    {
      "id": "03",
      "name": "Florence Morrison",
      "description": "Est doloremque magni",
      "bedTypeId": "03",
      "createdDateTime": "04/11/2025, 15:28:45"
    }
  ],
  "medicinesCategories": [
    {
      "id": "01",
      "name": "Emmanuel Henson",
      "status": "Deactive",
      "categoryId": "01",
      "createdDateTime": "04/12/2025, 08:10:11"
    },
    {
      "id": "02",
      "name": "jndskjsd",
      "status": "Active",
      "categoryId": "02",
      "createdDateTime": "04/12/2025, 08:10:42"
    },
    {
      "id": "03",
      "name": "Kato Riley",
      "status": "Deactive",
      "categoryId": "03",
      "createdDateTime": "04/12/2025, 11:17:59"
    },
    {
      "id": "04",
      "name": "William Blevins",
      "status": "Active",
      "categoryId": "04",
      "createdDateTime": "04/12/2025, 11:18:03"
    },
    {
      "id": "05",
      "name": "Callum Simpson",
      "status": "Deactive",
      "categoryId": "05",
      "createdDateTime": "04/12/2025, 11:18:09"
    },
    {
      "id": "06",
      "name": "Rhonda Hood",
      "status": "Deactive",
      "categoryId": "06",
      "createdDateTime": "04/12/2025, 11:18:14"
    },
    {
      "id": "07",
      "name": "Briar Barnes",
      "status": "Active",
      "categoryId": "07",
      "createdDateTime": "04/12/2025, 11:18:17"
    },
    {
      "id": "08",
      "name": "Rose Stone",
      "status": "Active",
      "categoryId": "08",
      "createdDateTime": "04/12/2025, 11:18:24"
    },
    {
      "id": "09",
      "name": "Deacon Hubbard",
      "status": "Deactive",
      "categoryId": "09",
      "createdDateTime": "04/12/2025, 11:18:28"
    },
    {
      "id": "10",
      "name": "Tana Bowman",
      "status": "Active",
      "categoryId": "10",
      "createdDateTime": "04/12/2025, 11:18:33"
    },
    {
      "id": "11",
      "name": "Cain Bradshaw",
      "status": "Deactive",
      "categoryId": "11",
      "createdDateTime": "04/12/2025, 11:18:43"
    },
    {
      "id": "12",
      "name": "bnbnbbn",
      "status": "Active",
      "categoryId": "12",
      "createdDateTime": "04/12/2025, 11:18:53"
    },
    {
      "id": "13",
      "name": "dsdddaee",
      "status": "Active",
      "categoryId": "13",
      "createdDateTime": "04/12/2025, 11:26:35"
    },
    {
      "id": "14",
      "name": "beta blocker",
      "status": "Active",
      "categoryId": "14",
      "createdDateTime": "04/12/2025, 11:29:07"
    },
    {
      "id": "15",
      "name": "cainbradshaw",
      "status": "Active",
      "categoryId": "15",
      "createdDateTime": "04/12/2025, 11:29:43"
    }
  ],
  "medicineBrands": [
    {
      "id": "01",
      "name": "Micah Baldwin",
      "phone": "8787878778",
      "email": "kaxixew@mailinator.com",
      "brandId": "01",
      "createdDateTime": "04/12/2025, 08:34:53"
    }
  ],
  "medicines": [
    {
      "id": "01",
      "name": "Todd Knight",
      "category": "Emmanuel Henson",
      "brand": "Micah Baldwin",
      "saltComposition": "Pariatur Dolor sint",
      "buyingPrice": "425",
      "sellingPrice": "132",
      "sideEffects": "Velit necessitatibus",
      "description": "Est assumenda proid",
      "medicineId": "01",
      "categoryId": "01",
      "brandId": "01",
      "createdDateTime": "04/12/2025, 10:13:13"
    },
    {
      "id": "02",
      "name": "ewewewewewewew",
      "category": "Kato Riley",
      "brand": "Micah Baldwin",
      "saltComposition": "Eos iusto sunt ut qu",
      "buyingPrice": "474",
      "sellingPrice": "626",
      "sideEffects": "Ut labore tempor ali",
      "description": "Assumenda doloremque",
      "medicineId": "02",
      "categoryId": "03",
      "brandId": "01",
      "createdDateTime": "04/12/2025, 11:44:49"
    }
  ],
  "diagnosisCategories": [
    {
      "name": "Hematological Disorders",
      "description": "Malaria Fever",
      "id": "01",
      "diagnosisCategoryId": "03",
      "createdDateTime": "04/20/2025, 10:27:14"
    },
    {
      "id": "02",
      "name": "Harriet Brewer",
      "description": "Qui aliquid labore a",
      "diagnosisCategoryId": "02",
      "createdDateTime": "04/20/2025, 10:26:14"
    },
    {
      "id": "03",
      "name": "Renal (Kidney) Disorders",
      "description": "Renal (Kidney) Disorders",
      "diagnosisCategoryId": "03",
      "createdDateTime": "04/20/2025, 21:16:35"
    },
    {
      "id": "04",
      "name": "Musculoskeletal Disorders",
      "description": "Musculoskeletal Disorders",
      "diagnosisCategoryId": "04",
      "createdDateTime": "04/20/2025, 21:17:02"
    },
    {
      "id": "05",
      "name": "Neurological Disorders",
      "description": "Neurological Disorders",
      "diagnosisCategoryId": "05",
      "createdDateTime": "04/20/2025, 21:17:27"
    },
    {
      "id": "06",
      "name": "Endocrine Disorders",
      "description": "Endocrine Disorders",
      "diagnosisCategoryId": "06",
      "createdDateTime": "04/20/2025, 21:17:48"
    },
    {
      "id": "07",
      "name": "Cancer Diagnosis",
      "description": "Cancer Diagnosis",
      "diagnosisCategoryId": "07",
      "createdDateTime": "04/20/2025, 21:18:08"
    }
  ],
  "diagnosisTests": [
    {
      "patient": {
        "value": "0326",
        "label": "Salam Khan",
        "email": "salam@gmail.com",
        "phone": "898978437843",
        "address": "C/303, Atlanta Shopping Mall Sudama Chowk, Mota Varachha, Surat, Gujarat 394101",
        "bloodGroup": "O+"
      },
      "doctor": {
        "value": "wt5t",
        "label": "Emily Sawyer",
        "email": "gawupomy@mailinator.com"
      },
      "diagnosisCategory": {
        "value": "02",
        "label": "Harriet Brewer"
      },
      "reportNumber": "REPO001",
      "age": "70",
      "height": "60",
      "weight": "80",
      "averageGlucose": "80",
      "fastingBloodSugar": "96",
      "urineSugar": "51",
      "bloodPressure": "Normal",
      "diabetes": "Normal",
      "cholesterol": "Normal",
      "notes": "abul test",
      "patientId": null,
      "patientName": "Salam Khan",
      "patientEmail": "salam@gmail.com",
      "patientPhone": "898978437843",
      "patientAddress": "C/303, Atlanta Shopping Mall Sudama Chowk, Mota Varachha, Surat, Gujarat 394101",
      "patientGender": "",
      "patientBloodGroup": "O+",
      "doctorId": "wt5t",
      "doctorName": "Emily Sawyer",
      "doctorEmail": "gawupomy@mailinator.com",
      "diagnosisCategoryId": "02",
      "diagnosisCategoryName": "Harriet Brewer",
      "createdDateTime": "2025-04-23T13:23:58.631Z",
      "id": "1276"
    },
    {
      "id": "1280",
      "patient": {
        "value": "24bc",
        "label": "Slade Kerr",
        "email": "dolywi@mailinator.com",
        "phone": "+1 (872) 911-7738",
        "address": "C/303, Atlanta Shopping Mall Sudama Chowk, Mota Varachha, Surat, Gujarat",
        "bloodGroup": "B+"
      },
      "doctor": {
        "value": "wt5t",
        "label": "Emily Sawyer",
        "email": "gawupomy@mailinator.com"
      },
      "diagnosisCategory": {
        "value": "01",
        "label": "Hematological Disorders"
      },
      "reportNumber": "REPO002",
      "age": "30",
      "height": "70",
      "weight": "80",
      "averageGlucose": "80",
      "fastingBloodSugar": "80",
      "urineSugar": "80",
      "bloodPressure": "Normal",
      "diabetes": "Normal",
      "cholesterol": "Normal",
      "notes": "Lorem Ipsum is simply dummy text of the printing and typesetting industry. Lorem Ipsum has been the industry's standard dummy text ever since the 1500s, when an unknown printer took a galley of type and scrambled it to make a type specimen book. It has survived not only five centuries, but also the leap into electronic typesetting, remaining.",
      "patientId": null,
      "patientName": "Slade Kerr",
      "patientEmail": "dolywi@mailinator.com",
      "patientPhone": "+1 (872) 911-7738",
      "patientAddress": "C/303, Atlanta Shopping Mall Sudama Chowk, Mota Varachha, Surat, Gujarat",
      "patientGender": "",
      "patientBloodGroup": "B+",
      "doctorId": "wt5t",
      "doctorName": "Emily Sawyer",
      "doctorEmail": "gawupomy@mailinator.com",
      "diagnosisCategoryId": "01",
      "diagnosisCategoryName": "Hematological Disorders",
      "createdDateTime": "2025-04-20T15:50:15.427Z"
    },
    {
      "id": "67ff",
      "patient": {
        "value": "19b7",
        "label": "Rina Evans",
        "email": "gipapi@mailinator.com",
        "phone": "38727887487",
        "address": "C-101 New Ashok Nagar Delhi, 110096",
        "bloodGroup": "B+"
      },
      "doctor": {
        "value": "lt0n",
        "label": "dddd dd",
        "email": "ddd@gmaul.com"
      },
      "diagnosisCategory": {
        "value": "04",
        "label": "Musculoskeletal Disorders"
      },
      "reportNumber": "REPO003",
      "age": "27",
      "height": "74",
      "weight": "78",
      "averageGlucose": "1",
      "fastingBloodSugar": "40",
      "urineSugar": "5",
      "bloodPressure": "Quos itaque quidem a",
      "diabetes": "Cillum molestiae fug",
      "cholesterol": "Consequatur reprehe",
      "notes": "Quibusdam cumque ali",
      "patientId": null,
      "patientName": "Rina Evans",
      "patientEmail": "gipapi@mailinator.com",
      "patientPhone": "38727887487",
      "patientAddress": "C-101 New Ashok Nagar Delhi, 110096",
      "patientGender": "",
      "patientBloodGroup": "B+",
      "doctorId": "lt0n",
      "doctorName": "dddd dd",
      "doctorEmail": "ddd@gmaul.com",
      "diagnosisCategoryId": "04",
      "diagnosisCategoryName": "Musculoskeletal Disorders",
      "createdDateTime": "2025-04-21T02:45:05.658Z"
    },
    {
      "id": "5756",
      "patient": {
        "value": "3b42",
        "label": "Calista Bonner",
        "email": "gimurypy@mailinator.com",
        "phone": "+1 (443) 891-2341",
        "address": "C/303, Atlanta Shopping Mall Sudama Chowk, Mota Varachha, Surat, Gujarat",
        "bloodGroup": "O+"
      },
      "doctor": {
        "value": "lt0n",
        "label": "dddd dd",
        "email": "ddd@gmaul.com"
      },
      "diagnosisCategory": {
        "value": "05",
        "label": "Neurological Disorders"
      },
      "reportNumber": "REPO004",
      "age": "40",
      "height": "42",
      "weight": "89",
      "averageGlucose": "3",
      "fastingBloodSugar": "6",
      "urineSugar": "89",
      "bloodPressure": "Eveniet maxime aut ",
      "diabetes": "Alias qui quis esse",
      "cholesterol": "Et animi adipisicin",
      "notes": "Omnis eos vero volu",
      "patientId": null,
      "patientName": "Calista Bonner",
      "patientEmail": "gimurypy@mailinator.com",
      "patientPhone": "+1 (443) 891-2341",
      "patientAddress": "C/303, Atlanta Shopping Mall Sudama Chowk, Mota Varachha, Surat, Gujarat",
      "patientGender": "",
      "patientBloodGroup": "O+",
      "doctorId": "lt0n",
      "doctorName": "dddd dd",
      "doctorEmail": "ddd@gmaul.com",
      "diagnosisCategoryId": "05",
      "diagnosisCategoryName": "Neurological Disorders",
      "createdDateTime": "2025-04-21T02:56:18.108Z"
    }
  ],
  "services": [
    {
      "id": "01",
      "serviceName": "Dental Checkup",
      "serviceQty": "1",
      "serviceRate": "2000",
      "serviceDescription": "A dental check-up is when a dental practitioner checks inside your mouth and gives your teeth a thorough clean.\n    All children and adults should have regular dental check-ups, even if their teeth are in good shape, and they feel healthy.\n    Having a dental check-up every 6 to 12 months can help you prevent problems before they become painful, costly or difficult to treat.\n    If you’re feeling nervous about your dental check-up, let your dental practitioner or their staff know so they can take extra care to minimise any pain or discomfort.",
      "serviceStatus": true,
      "serviceId": "01",
      "createdDateTime": "04/21/2025, 11:00:37"
    },
    {
      "serviceName": "Full Body Scan",
      "serviceQty": "1",
      "serviceRate": "1200",
      "serviceDescription": "Generally, it’s a scan taken of the entire body with either an MRI or a CT machine. \n\nBecause it covers the whole body, it might not look at any given part of the body as closely as an MRI or CT scan would when it’s used to examine a particular organ or area of the body for a specific reason.",
      "serviceStatus": false,
      "id": "02",
      "serviceId": "04",
      "createdDateTime": "04/21/2025, 11:03:40"
    },
    {
      "id": "03",
      "serviceName": "MRI Scan",
      "serviceQty": "1",
      "serviceRate": "10000",
      "serviceDescription": "PRP 1 Session",
      "serviceStatus": true,
      "serviceId": "03",
      "createdDateTime": "04/21/2025, 11:01:52"
    }
  ],
  "ambulances": [
    {
      "id": "01",
      "vehicleNumber": "BR367BH",
      "vehicleModel": "Tata2001",
      "yearMade": "2001",
      "driverName": "Rehan",
      "driverContact": "+917856348967",
      "driverLicense": "ab54fgr54",
      "note": "for testing",
      "vehicleType": "Owned",
      "isAvailable": true,
      "ambulanceId": "01",
      "createdDateTime": "04/21/2025, 11:03:21"
    }
  ],
  "ambulanceCalls": [
    {
      "patientId": null,
      "ambulanceId": "01",
      "date": "2025-04-21T15:03:18.836Z",
      "amount": "100",
      "note": "hello",
      "driverName": "Rehan",
      "id": "01",
      "patientName": "Rina Evans",
      "patientEmail": "gipapi@mailinator.com",
      "vehicleModel": "Tata2001"
    },
    {
      "id": "02",
      "patientId": null,
      "ambulanceId": "01",
      "date": "2025-04-21T15:21:14.816Z",
      "amount": "80",
      "note": "",
      "driverName": "Rehan",
      "patientName": "Abul Kaish",
      "patientEmail": "abul@gmail.com",
      "vehicleModel": "Tata2001"
    },
    {
      "id": "03",
      "patientId": null,
      "ambulanceId": "01",
      "date": "2025-04-21T15:27:28.281Z",
      "amount": "6",
      "note": "",
      "driverName": "Rehan",
      "patientName": "Salam Khan",
      "patientEmail": "salam@gmail.com",
      "vehicleModel": "Tata2001",
      "vehicleNumber": "BR367BH"
    }
  ],
  "packages": [
    {
      "id": "369",
      "packageName": "Test",
      "discount": "10",
      "description": "test",
      "services": [
        {
          "serviceId": "02",
          "quantity": "2",
          "rate": "100",
          "amount": 200
        }
      ],
      "createdDateTime": "04/22/2025, 18:07:45"
    },
    {
      "packageName": "abul",
      "discount": "20",
      "description": "Qui occaecat proiden",
      "services": [
        {
          "serviceId": "02",
          "quantity": "90",
          "rate": "4000",
          "amount": 360000
        },
        {
          "serviceId": "03",
          "quantity": "10",
          "rate": "5000",
          "amount": 50000
        }
      ],
      "id": "268",
      "createdDateTime": "04/22/2025, 18:24:23"
    }
  ],
  "insurances": [
    {
      "insuranceName": "XYZ",
      "serviceTax": "97",
      "insuranceNo": "348943hjhj",
      "insuranceCode": "433434ddsds",
      "hospitalRate": "30000",
      "discount": "10",
      "remark": "Repudiandae corporis",
      "status": false,
      "diseases": [
        {
          "diseaseName": "Sacha Cleveland",
          "diseaseCharge": "70000"
        }
      ],
      "id": "29",
      "total": 70000,
      "createdDateTime": "04/23/2025, 18:46:24"
    },
    {
      "id": "307",
      "insuranceName": "tata health",
      "serviceTax": "6",
      "insuranceNo": "343434dfdf",
      "insuranceCode": "dsds348934",
      "hospitalRate": "2000",
      "discount": "10",
      "remark": "test",
      "status": true,
      "diseases": [
        {
          "diseaseName": "Fever",
          "diseaseCharge": "2000"
        }
      ],
      "total": 2000,
      "createdDateTime": "04/23/2025, 18:45:38"
    }
  ],
  "vaccinations": [
    {
      "name": "Wayne Garza",
      "manufacturedBy": "Enim vel quibusdam p",
      "brand": "Qui est ex ut pariat",
      "isAvailable": false,
      "id": "01",
      "vaccinationId": "02",
      "createdDateTime": "05/11/2025, 10:34:51"
    },
    {
      "name": "Orla Gordon",
      "manufacturedBy": "Sed quia doloribus r",
      "brand": "Assumenda debitis co",
      "isAvailable": true,
      "id": "02",
      "vaccinationId": "03",
      "createdDateTime": "05/11/2025, 10:47:08"
    }
  ],
  "vaccinatedPatients": [
    {
      "id": "01",
      "patientId": "109",
      "vaccinationId": "02",
      "serialNo": "vaccine01",
      "doseNo": "2",
      "doseGivenDate": "2025-05-10T13:15",
      "notes": "2222",
      "createdDateTime": "05/13/2025, 13:15:24"
    }
  ],
  "pathologyCategories": [
    {
      "name": "dewewew",
      "description": "",
      "createdDateTime": "05/11/2025, 13:17:20",
      "id": "9b1e"
    },
    {
      "id": "bd3e",
      "name": "Leila Jefferson",
      "description": "Aliquid in vel ut qu",
      "createdDateTime": "05/11/2025, 13:16:50"
    }
  ],
  "pathologyUnits": [
    {
      "id": "429f",
      "name": "Beverly Duffy",
      "description": "Amet ducimus velit",
      "createdDateTime": "05/11/2025, 13:45:29"
    }
  ],
  "pathologyParameters": [
    {
      "id": "6414",
      "name": "Meghan Miles",
      "referenceRange": "221",
      "unitId": "429f",
      "description": "Delectus odio in mi",
      "createdDateTime": "05/11/2025, 13:57:07"
    }
  ]
}